<TextureAtlas imagePath="sprites.png">
	<SubTexture name="runeBlack_tile_001.png" x="100" y="280" width="50" height="56"/>
	<SubTexture name="runeBlack_tile_002.png" x="250" y="224" width="50" height="56"/>
	<SubTexture name="runeBlack_tile_003.png" x="250" y="168" width="50" height="56"/>
	<SubTexture name="runeBlack_tile_004.png" x="250" y="112" width="50" height="56"/>
	<SubTexture name="runeBlack_tile_005.png" x="250" y="56" width="50" height="56"/>
	<SubTexture name="runeBlack_tile_006.png" x="250" y="0" width="50" height="56"/>
	<SubTexture name="runeBlack_tile_007.png" x="200" y="280" width="50" height="56"/>
	<SubTexture name="runeBlack_tile_008.png" x="200" y="224" width="50" height="56"/>
	<SubTexture name="runeBlack_tile_009.png" x="200" y="168" width="50" height="56"/>
	<SubTexture name="runeBlack_tile_010.png" x="200" y="112" width="50" height="56"/>
	<SubTexture name="runeBlack_tile_011.png" x="200" y="56" width="50" height="56"/>
	<SubTexture name="runeBlack_tile_012.png" x="200" y="0" width="50" height="56"/>
	<SubTexture name="runeBlack_tile_013.png" x="150" y="280" width="50" height="56"/>
	<SubTexture name="runeBlack_tile_014.png" x="150" y="224" width="50" height="56"/>
	<SubTexture name="runeBlack_tile_015.png" x="150" y="168" width="50" height="56"/>
	<SubTexture name="runeBlack_tile_016.png" x="150" y="112" width="50" height="56"/>
	<SubTexture name="runeBlack_tile_017.png" x="150" y="56" width="50" height="56"/>
	<SubTexture name="runeBlack_tile_018.png" x="150" y="0" width="50" height="56"/>
	<SubTexture name="runeBlack_tile_019.png" x="250" y="280" width="50" height="56"/>
	<SubTexture name="runeBlack_tile_020.png" x="100" y="224" width="50" height="56"/>
	<SubTexture name="runeBlack_tile_021.png" x="100" y="168" width="50" height="56"/>
	<SubTexture name="runeBlack_tile_022.png" x="100" y="112" width="50" height="56"/>
	<SubTexture name="runeBlack_tile_023.png" x="100" y="56" width="50" height="56"/>
	<SubTexture name="runeBlack_tile_024.png" x="100" y="0" width="50" height="56"/>
	<SubTexture name="runeBlack_tile_025.png" x="50" y="280" width="50" height="56"/>
	<SubTexture name="runeBlack_tile_026.png" x="50" y="224" width="50" height="56"/>
	<SubTexture name="runeBlack_tile_027.png" x="50" y="168" width="50" height="56"/>
	<SubTexture name="runeBlack_tile_028.png" x="50" y="112" width="50" height="56"/>
	<SubTexture name="runeBlack_tile_029.png" x="50" y="56" width="50" height="56"/>
	<SubTexture name="runeBlack_tile_030.png" x="50" y="0" width="50" height="56"/>
	<SubTexture name="runeBlack_tile_031.png" x="0" y="280" width="50" height="56"/>
	<SubTexture name="runeBlack_tile_032.png" x="0" y="224" width="50" height="56"/>
	<SubTexture name="runeBlack_tile_033.png" x="0" y="168" width="50" height="56"/>
	<SubTexture name="runeBlack_tile_034.png" x="0" y="112" width="50" height="56"/>
	<SubTexture name="runeBlack_tile_035.png" x="0" y="56" width="50" height="56"/>
	<SubTexture name="runeBlack_tile_036.png" x="0" y="0" width="50" height="56"/>
</TextureAtlas>