<TextureAtlas imagePath="sprites.png">
	<SubTexture name="runeGrey_slab_001.png" x="156" y="178" width="52" height="89"/>
	<SubTexture name="runeGrey_slab_002.png" x="312" y="356" width="52" height="89"/>
	<SubTexture name="runeGrey_slab_003.png" x="312" y="267" width="52" height="89"/>
	<SubTexture name="runeGrey_slab_004.png" x="312" y="178" width="52" height="89"/>
	<SubTexture name="runeGrey_slab_005.png" x="312" y="89" width="52" height="89"/>
	<SubTexture name="runeGrey_slab_006.png" x="312" y="0" width="52" height="89"/>
	<SubTexture name="runeGrey_slab_007.png" x="260" y="356" width="52" height="89"/>
	<SubTexture name="runeGrey_slab_008.png" x="260" y="267" width="52" height="89"/>
	<SubTexture name="runeGrey_slab_009.png" x="260" y="178" width="52" height="89"/>
	<SubTexture name="runeGrey_slab_010.png" x="260" y="89" width="52" height="89"/>
	<SubTexture name="runeGrey_slab_011.png" x="260" y="0" width="52" height="89"/>
	<SubTexture name="runeGrey_slab_012.png" x="208" y="356" width="52" height="89"/>
	<SubTexture name="runeGrey_slab_013.png" x="208" y="267" width="52" height="89"/>
	<SubTexture name="runeGrey_slab_014.png" x="208" y="178" width="52" height="89"/>
	<SubTexture name="runeGrey_slab_015.png" x="208" y="89" width="52" height="89"/>
	<SubTexture name="runeGrey_slab_016.png" x="208" y="0" width="52" height="89"/>
	<SubTexture name="runeGrey_slab_017.png" x="156" y="356" width="52" height="89"/>
	<SubTexture name="runeGrey_slab_018.png" x="156" y="267" width="52" height="89"/>
	<SubTexture name="runeGrey_slab_019.png" x="364" y="0" width="52" height="89"/>
	<SubTexture name="runeGrey_slab_020.png" x="156" y="89" width="52" height="89"/>
	<SubTexture name="runeGrey_slab_021.png" x="156" y="0" width="52" height="89"/>
	<SubTexture name="runeGrey_slab_022.png" x="104" y="356" width="52" height="89"/>
	<SubTexture name="runeGrey_slab_023.png" x="104" y="267" width="52" height="89"/>
	<SubTexture name="runeGrey_slab_024.png" x="104" y="178" width="52" height="89"/>
	<SubTexture name="runeGrey_slab_025.png" x="104" y="89" width="52" height="89"/>
	<SubTexture name="runeGrey_slab_026.png" x="104" y="0" width="52" height="89"/>
	<SubTexture name="runeGrey_slab_027.png" x="52" y="356" width="52" height="89"/>
	<SubTexture name="runeGrey_slab_028.png" x="52" y="267" width="52" height="89"/>
	<SubTexture name="runeGrey_slab_029.png" x="52" y="178" width="52" height="89"/>
	<SubTexture name="runeGrey_slab_030.png" x="52" y="89" width="52" height="89"/>
	<SubTexture name="runeGrey_slab_031.png" x="52" y="0" width="52" height="89"/>
	<SubTexture name="runeGrey_slab_032.png" x="0" y="356" width="52" height="89"/>
	<SubTexture name="runeGrey_slab_033.png" x="0" y="267" width="52" height="89"/>
	<SubTexture name="runeGrey_slab_034.png" x="0" y="178" width="52" height="89"/>
	<SubTexture name="runeGrey_slab_035.png" x="0" y="89" width="52" height="89"/>
	<SubTexture name="runeGrey_slab_036.png" x="0" y="0" width="52" height="89"/>
</TextureAtlas>