<TextureAtlas imagePath="sprites.png">
	<SubTexture name="runeGrey_rectangleOutline_001.png" x="162" y="180" width="54" height="90"/>
	<SubTexture name="runeGrey_rectangleOutline_002.png" x="324" y="360" width="54" height="90"/>
	<SubTexture name="runeGrey_rectangleOutline_003.png" x="324" y="270" width="54" height="90"/>
	<SubTexture name="runeGrey_rectangleOutline_004.png" x="324" y="180" width="54" height="90"/>
	<SubTexture name="runeGrey_rectangleOutline_005.png" x="324" y="90" width="54" height="90"/>
	<SubTexture name="runeGrey_rectangleOutline_006.png" x="324" y="0" width="54" height="90"/>
	<SubTexture name="runeGrey_rectangleOutline_007.png" x="270" y="360" width="54" height="90"/>
	<SubTexture name="runeGrey_rectangleOutline_008.png" x="270" y="270" width="54" height="90"/>
	<SubTexture name="runeGrey_rectangleOutline_009.png" x="270" y="180" width="54" height="90"/>
	<SubTexture name="runeGrey_rectangleOutline_010.png" x="270" y="90" width="54" height="90"/>
	<SubTexture name="runeGrey_rectangleOutline_011.png" x="270" y="0" width="54" height="90"/>
	<SubTexture name="runeGrey_rectangleOutline_012.png" x="216" y="360" width="54" height="90"/>
	<SubTexture name="runeGrey_rectangleOutline_013.png" x="216" y="270" width="54" height="90"/>
	<SubTexture name="runeGrey_rectangleOutline_014.png" x="216" y="180" width="54" height="90"/>
	<SubTexture name="runeGrey_rectangleOutline_015.png" x="216" y="90" width="54" height="90"/>
	<SubTexture name="runeGrey_rectangleOutline_016.png" x="216" y="0" width="54" height="90"/>
	<SubTexture name="runeGrey_rectangleOutline_017.png" x="162" y="360" width="54" height="90"/>
	<SubTexture name="runeGrey_rectangleOutline_018.png" x="162" y="270" width="54" height="90"/>
	<SubTexture name="runeGrey_rectangleOutline_019.png" x="378" y="0" width="54" height="90"/>
	<SubTexture name="runeGrey_rectangleOutline_020.png" x="162" y="90" width="54" height="90"/>
	<SubTexture name="runeGrey_rectangleOutline_021.png" x="162" y="0" width="54" height="90"/>
	<SubTexture name="runeGrey_rectangleOutline_022.png" x="108" y="360" width="54" height="90"/>
	<SubTexture name="runeGrey_rectangleOutline_023.png" x="108" y="270" width="54" height="90"/>
	<SubTexture name="runeGrey_rectangleOutline_024.png" x="108" y="180" width="54" height="90"/>
	<SubTexture name="runeGrey_rectangleOutline_025.png" x="108" y="90" width="54" height="90"/>
	<SubTexture name="runeGrey_rectangleOutline_026.png" x="108" y="0" width="54" height="90"/>
	<SubTexture name="runeGrey_rectangleOutline_027.png" x="54" y="360" width="54" height="90"/>
	<SubTexture name="runeGrey_rectangleOutline_028.png" x="54" y="270" width="54" height="90"/>
	<SubTexture name="runeGrey_rectangleOutline_029.png" x="54" y="180" width="54" height="90"/>
	<SubTexture name="runeGrey_rectangleOutline_030.png" x="54" y="90" width="54" height="90"/>
	<SubTexture name="runeGrey_rectangleOutline_031.png" x="54" y="0" width="54" height="90"/>
	<SubTexture name="runeGrey_rectangleOutline_032.png" x="0" y="360" width="54" height="90"/>
	<SubTexture name="runeGrey_rectangleOutline_033.png" x="0" y="270" width="54" height="90"/>
	<SubTexture name="runeGrey_rectangleOutline_034.png" x="0" y="180" width="54" height="90"/>
	<SubTexture name="runeGrey_rectangleOutline_035.png" x="0" y="90" width="54" height="90"/>
	<SubTexture name="runeGrey_rectangleOutline_036.png" x="0" y="0" width="54" height="90"/>
</TextureAtlas>