<TextureAtlas imagePath="sprites.png">
	<SubTexture name="runeGrey_tileOutline_001.png" x="108" y="300" width="54" height="60"/>
	<SubTexture name="runeGrey_tileOutline_002.png" x="270" y="240" width="54" height="60"/>
	<SubTexture name="runeGrey_tileOutline_003.png" x="270" y="180" width="54" height="60"/>
	<SubTexture name="runeGrey_tileOutline_004.png" x="270" y="120" width="54" height="60"/>
	<SubTexture name="runeGrey_tileOutline_005.png" x="270" y="60" width="54" height="60"/>
	<SubTexture name="runeGrey_tileOutline_006.png" x="270" y="0" width="54" height="60"/>
	<SubTexture name="runeGrey_tileOutline_007.png" x="216" y="300" width="54" height="60"/>
	<SubTexture name="runeGrey_tileOutline_008.png" x="216" y="240" width="54" height="60"/>
	<SubTexture name="runeGrey_tileOutline_009.png" x="216" y="180" width="54" height="60"/>
	<SubTexture name="runeGrey_tileOutline_010.png" x="216" y="120" width="54" height="60"/>
	<SubTexture name="runeGrey_tileOutline_011.png" x="216" y="60" width="54" height="60"/>
	<SubTexture name="runeGrey_tileOutline_012.png" x="216" y="0" width="54" height="60"/>
	<SubTexture name="runeGrey_tileOutline_013.png" x="162" y="300" width="54" height="60"/>
	<SubTexture name="runeGrey_tileOutline_014.png" x="162" y="240" width="54" height="60"/>
	<SubTexture name="runeGrey_tileOutline_015.png" x="162" y="180" width="54" height="60"/>
	<SubTexture name="runeGrey_tileOutline_016.png" x="162" y="120" width="54" height="60"/>
	<SubTexture name="runeGrey_tileOutline_017.png" x="162" y="60" width="54" height="60"/>
	<SubTexture name="runeGrey_tileOutline_018.png" x="162" y="0" width="54" height="60"/>
	<SubTexture name="runeGrey_tileOutline_019.png" x="270" y="300" width="54" height="60"/>
	<SubTexture name="runeGrey_tileOutline_020.png" x="108" y="240" width="54" height="60"/>
	<SubTexture name="runeGrey_tileOutline_021.png" x="108" y="180" width="54" height="60"/>
	<SubTexture name="runeGrey_tileOutline_022.png" x="108" y="120" width="54" height="60"/>
	<SubTexture name="runeGrey_tileOutline_023.png" x="108" y="60" width="54" height="60"/>
	<SubTexture name="runeGrey_tileOutline_024.png" x="108" y="0" width="54" height="60"/>
	<SubTexture name="runeGrey_tileOutline_025.png" x="54" y="300" width="54" height="60"/>
	<SubTexture name="runeGrey_tileOutline_026.png" x="54" y="240" width="54" height="60"/>
	<SubTexture name="runeGrey_tileOutline_027.png" x="54" y="180" width="54" height="60"/>
	<SubTexture name="runeGrey_tileOutline_028.png" x="54" y="120" width="54" height="60"/>
	<SubTexture name="runeGrey_tileOutline_029.png" x="54" y="60" width="54" height="60"/>
	<SubTexture name="runeGrey_tileOutline_030.png" x="54" y="0" width="54" height="60"/>
	<SubTexture name="runeGrey_tileOutline_031.png" x="0" y="300" width="54" height="60"/>
	<SubTexture name="runeGrey_tileOutline_032.png" x="0" y="240" width="54" height="60"/>
	<SubTexture name="runeGrey_tileOutline_033.png" x="0" y="180" width="54" height="60"/>
	<SubTexture name="runeGrey_tileOutline_034.png" x="0" y="120" width="54" height="60"/>
	<SubTexture name="runeGrey_tileOutline_035.png" x="0" y="60" width="54" height="60"/>
	<SubTexture name="runeGrey_tileOutline_036.png" x="0" y="0" width="54" height="60"/>
</TextureAtlas>